,0,1,2,3,4,5,6,7,8,9,10,11,12,13,14,15,16,0
0,3.0,2.0,1.0,0.18,1.0,0.5,9.0,2.0,0.06,40.0,0.5,4.0,9.0,13.0,16.0,25.0,11.0,0
1,38.21752100479398,3.7985124429530366,53.31768584467878,0.08116198287631811,10.402975114093927,0.9542644634707577,118.06925582166814,0.0,1.9016314075359548,767.1173561649092,0.15852892694151532,17.89123949760301,145.58958710067125,27.65884292233939,218.20148755704696,33.27076203085332,121.86776826462116,1
2,17.0,0.0,8.0,0.2,8.0,0.73,55.0,4.0,0.44,217.0,0.45,18.0,41.0,25.0,81.0,12.7,55.0,0
3,10.117207462343522,2.2234414924687043,25.45785641715575,0.15553117015062592,2.2234414924687043,0.8058603731171761,14.893765969874817,1.6117207462343521,0.08058603731171762,49.128180894561865,0.39600747314016016,3.2234414924687043,15.446882984937409,13.611720746234353,53.6922713418428,63.09599802201929,17.117207462343522,1
4,29.525369175094703,6.0,12.489252807522098,0.14,7.0,0.9525193739506945,46.805673357458964,1.5107471924779023,0.5497850561504419,256.9140224601768,0.13352536917509472,11.568357945006314,59.820295340075766,26.5107471924779,95.82029534007576,28.51338937134003,52.805673357458964,1
5,5.0,0.0,0.0,0.15,1.0,0.33,20.0,2.0,0.05,36.0,0.33,4.0,6.0,11.0,26.0,0.0,20.0,0
6,8.0,2.0,19.0,0.14,3.0,1.0,20.0,1.0,0.11,64.0,0.33,4.0,18.0,18.0,50.0,51.22,22.0,1
7,12.0,0.0,0.0,0.2,9.0,0.9,50.0,2.0,0.24,136.0,1.0,18.0,29.0,13.0,63.0,0.0,50.0,0
8,29.51411753114616,6.0,44.41694103737539,0.12708470518687695,8.805647012458463,0.8980564701245847,71.0,1.4858824688538426,0.4433223585049844,220.32894340199377,0.7348917491735851,17.611294024916926,37.81811831935229,26.0,151.93105856852154,41.507498753749985,77.0,1
9,10.647679994118361,1.098453329412241,15.238399970591807,0.1354922666470612,1.4507733352938796,0.6320181346468994,17.19690665882448,1.098453329412241,0.14098453329412242,80.04149331176733,0.40663146699995956,3.0984533294122407,19.647679994118363,16.80309334117552,45.18143995294689,44.99594768629983,18.295359988236722,1
10,22.0,3.0,5.0,0.13,3.0,0.75,27.0,3.0,0.17,95.0,0.75,5.0,20.0,25.0,58.0,22.86,30.0,0
11,34.0,5.0,26.0,0.13,7.0,0.78,66.0,5.0,0.73,342.0,0.44,15.0,61.0,26.0,132.0,31.96,71.0,0
12,28.64815128747776,6.118056732804161,28.38310401014096,0.1470601891093472,4.55902836640208,0.7814931203042288,32.70601891093472,0.14699054453263993,0.322650472773368,167.44329311948815,0.1817592435626112,9.41203782186944,34.55902836640208,20.17592435626112,96.85533094135761,50.85504897257479,38.82407564373888,1
13,15.0,7.0,9.0,0.16,2.0,0.67,12.0,1.0,0.18,106.0,0.33,4.0,17.0,14.0,44.0,57.14,19.0,0
14,2.5683086033354714,9.453531173316227,35.9451633531751,0.10726765586658113,5.431691396664529,0.7841543016677358,61.95074189993585,7.568308603335471,0.41,206.68308603335473,0.2561198815663887,13.61198815663887,47.45353117331623,15.295074189993585,110.91774502976264,32.85782796708787,71.40427307325209,1
15,21.0,13.0,50.0,0.13,13.0,0.72,125.0,3.0,1.04,438.0,0.06,17.0,96.0,46.0,254.0,33.51,138.0,0
16,1.5804501630338201,1.9414648087765252,7.702422294681698,0.19356112896541777,4.824394426329576,0.8399509825079907,27.648788852659152,1.0,0.18058535191223474,98.9365630595756,0.8106833868962533,8.590253661435677,21.941464808776526,19.5317184702122,39.873126119151195,25.683869955506964,29.590253661435675,1
17,23.60984554650117,1.4843077790712618,20.210769447678153,0.09484307779071262,2.484307779071262,1.0,24.42153889535631,1.0,0.19726461668606893,115.69507722674942,0.43946152761609225,2.9686155581425235,21.24215388953563,13.695077226749415,70.72646166860689,47.16959376546372,25.905846674427572,1
18,27.0,3.0,48.0,0.16,10.0,0.77,76.0,1.0,0.65,298.0,0.54,19.0,57.0,36.0,155.0,40.16,79.0,0
19,59.862328398247584,15.909284681741099,60.27285645449407,0.10045535284058792,11.181785886376483,0.7481750361390616,137.68160826144714,1.0,1.571814306365178,658.9985790005653,0.23136961102035053,26.45464234087055,110.95410946608253,29.727498795364614,274.7260777959299,35.55422251301583,153.59089294318824,1
20,24.67420211494261,5.313120563984696,28.421719859003826,0.1315656028199235,10.265159577011477,0.8115656028199235,93.82083337317982,0.578280140996174,0.9750771280919512,431.17473419770016,0.6626241127969392,21.217198590038258,79.30319154022956,28.626241127969394,153.22987591111095,27.390954777747186,99.13395393716452,1
21,0.0,0.0,0.0,0.14,1.0,0.5,14.0,2.0,0.09,56.0,0.5,2.0,14.0,11.0,15.0,0.0,14.0,0
22,0.0,2.0,7.0,0.2,5.0,0.83,28.0,1.0,0.18,98.0,0.83,9.0,22.0,20.0,38.0,24.32,30.0,1
23,50.509621134522405,42.66550216663545,326.2732214890771,0.16150612763442876,39.87040427417844,0.5705428934410013,394.809127929891,6.548161709671376,4.159632341934275,1475.6760387039758,0.42204902107542996,114.63222986015664,302.7793491235059,48.30122552688575,553.5691787472927,48.30903676580657,437.4746300965264,1
24,2.0,0.0,2.0,0.14,3.0,1.0,21.0,2.0,0.1,62.0,0.33,4.0,16.0,12.0,26.0,8.7,21.0,0
25,14.774041169491245,1.2831202598869433,14.528580714689095,0.12283120259886943,2.3207800649717356,0.6475453954519785,28.320780064971736,0.6792199350282642,0.19641560129943472,106.24546045480216,0.2882985915536744,5.283120259886943,24.84936077966083,20.64156012994347,59.90652220903902,34.32406803836129,29.603900324858678,1
26,13.0,1.0,20.0,0.21,5.0,1.0,23.0,0.0,0.08,51.0,0.2,8.0,13.0,12.0,58.0,47.73,24.0,0
27,3.0,0.0,0.0,0.15,1.0,0.5,13.0,2.0,0.06,41.0,0.5,2.0,8.0,11.0,17.0,0.0,13.0,0
28,34.24611705247089,8.24611705247089,59.452329768517465,0.14110872253081508,11.3569893055524,0.8919068092593014,83.05543612654076,3.0,1.022860213888952,463.993308966075,0.2865854248456404,16.49223410494178,66.03990433642431,32.30155317901164,186.0,44.91536437885899,91.30155317901165,1
29,7.983777818386056,0.2258271514697654,10.54834569706047,0.12016222181613945,2.338740727204648,0.6880661721175813,28.0,1.0,0.18887086424265118,103.3225185455907,0.38645678786744136,4.5645678786744135,21.112913575734883,20.0,47.75795066691629,27.770766190391306,28.225827151469765,1
30,9.91854239536206,2.95927119768103,11.32583041855176,0.1208145760463794,3.0,1.0,21.91854239536206,1.95927119768103,0.1483708479072412,80.30761036057751,0.33,4.0,23.75562718608618,18.95927119768103,47.122186406956914,39.392186132592904,24.87781359304309,1
31,15.0,3.0,8.0,0.25,4.0,1.0,13.0,0.0,0.1,59.0,0.25,6.0,17.0,15.0,40.0,45.83,16.0,0
32,44.073318609454944,32.04175869090658,213.045894475612,0.17036659304727472,21.82180286254174,0.3734013251490548,245.13451124360424,3.89002208581758,2.69501104290879,1016.9167639969974,0.43073318609454947,75.46030920144611,186.49090551852078,37.63340695272527,398.98277463851525,52.31187150929532,277.17626993451086,1
33,8.0,1.0,0.0,0.33,8.0,0.8,29.0,2.0,0.21,118.0,1.0,16.0,23.0,20.0,39.0,3.33,30.0,0
34,12.0,3.0,4.0,0.18,2.0,0.67,14.0,0.0,0.07,46.0,1.0,4.0,11.0,16.0,34.0,33.33,17.0,0
35,15.0,1.0,1.0,0.19,6.0,0.86,36.0,2.0,0.3,168.0,0.14,12.0,24.0,19.0,54.0,5.26,37.0,0
36,8.0,6.0,5.0,0.11,1.0,0.5,13.0,1.0,0.09,57.0,0.5,2.0,13.0,14.0,33.0,45.83,19.0,0
37,115.0,35.0,12.0,0.19,3.0,0.19,49.0,1.0,0.87,399.0,0.63,30.0,68.0,24.0,212.0,48.96,84.0,0
38,5.0,3.0,2.0,0.15,4.0,1.0,24.0,2.0,0.14,85.0,0.25,6.0,15.0,16.0,35.0,17.24,27.0,0
39,1.7493981426247398,0.0,11.906325232171907,0.10093674767828092,2.9063252321719073,0.7425060185737526,39.7822280182348,0.09367476782809248,0.24437951393031446,126.65813080429768,0.7106565975122011,5.812650464343815,34.594878482578615,19.09367476782809,66.22017941126624,23.161768456802477,39.7822280182348,1
40,27.0,4.0,22.0,0.15,3.0,0.6,29.0,0.0,0.21,111.0,0.2,8.0,33.0,22.0,83.0,47.27,33.0,1
41,7.798337802834787,6.0,10.02877945740596,0.13621402567824256,7.0,0.7894649358043937,58.325091012615104,6.905350641956064,0.460822858769666,221.89703965613,0.11189298716087873,10.378597432175745,43.17693523501053,31.432103851736382,83.15220827285586,20.48381001964839,64.3250910126151,1
42,26.552128618947883,1.016587828927856,18.800946052865726,0.09182466118206417,2.0497634867835686,0.9971800690822644,22.099526973567137,1.0,0.18983412171072145,113.7345947371543,0.5054739835461926,2.116114802494993,21.016587828927857,12.132702631422848,69.4691894743086,47.23350358598095,23.116114802494995,1
43,10.441005727030094,4.0,28.90016353805093,0.20734116926508103,16.74319296850347,0.8652269010498843,90.50453802099769,2.2477309895011572,1.261179885459398,544.1788429842812,0.3875226901049884,26.05445625197222,97.87933359843403,24.97277187401389,134.84570728607872,25.19506316737175,94.50453802099769,1
44,0.0,0.0,0.0,0.13,1.0,0.5,15.0,2.0,0.1,62.0,0.5,2.0,16.0,11.0,16.0,0.0,15.0,0
45,0.0,0.0,5.0,0.19,2.0,0.67,16.0,4.0,0.06,40.0,1.0,3.0,11.0,14.0,22.0,23.81,16.0,0
46,0.0,0.0,0.0,0.23,3.0,1.0,13.0,1.0,0.08,49.0,0.33,4.0,17.0,13.0,14.0,0.0,13.0,0
47,7.895261559724862,1.0608094707269018,14.652023676817254,0.11326011838408627,3.0,0.7102196448477411,37.817571587819295,0.0,0.23939190529273097,124.22635738172895,0.604138697775051,6.530404735363451,35.20439289695482,19.795607103045178,71.97803551522588,29.1719343160009,38.878381058546196,1
48,7.0,0.0,7.0,0.13,1.0,0.5,15.0,1.0,0.06,40.0,0.5,2.0,11.0,13.0,30.0,31.82,15.0,0
49,20.0,2.0,2.0,0.33,3.0,0.75,10.0,1.0,0.04,28.0,0.25,6.0,8.0,7.0,35.0,28.57,12.0,0
50,16.0,2.0,24.0,0.18,3.0,1.0,15.0,1.0,0.09,52.0,0.33,4.0,19.0,13.0,58.0,63.41,17.0,0
51,23.0,10.0,9.0,0.12,5.0,1.0,31.0,1.0,0.27,140.0,1.0,8.0,37.0,18.0,74.0,38.0,41.0,0
52,12.0,1.0,0.0,0.17,4.0,1.0,22.0,2.0,0.11,66.0,1.0,6.0,17.0,13.0,36.0,4.35,23.0,0
53,0.0,2.0,0.0,0.2,3.0,1.0,13.0,2.0,0.05,38.0,0.33,4.0,9.0,11.0,16.0,13.33,15.0,1
54,44.65110379120751,18.65110379120751,91.46280366133435,0.17264238431567733,4.735761568432268,0.2870651189311517,89.89635764735159,1.2452538561440891,1.225474614385591,556.5956956892999,0.427927152947032,32.915342222775244,68.0,28.490507712288178,245.66136889110098,54.726665600348404,108.54746143855911,1
55,4.0,0.0,4.0,0.17,2.0,1.0,12.0,1.0,0.05,33.0,0.5,2.0,9.0,11.0,21.0,25.0,12.0,0
56,6.569104889903886,1.4281841483173143,17.276419559615544,0.16428184148317315,4.712736593269257,0.8056639392812509,32.563682966346285,1.0,0.25138209779807774,129.26557571250035,0.6429539629206714,8.425473186538515,34.132787856250175,21.143631703365372,58.83739156418303,32.647368888947234,33.9918671146636,1
57,6.095257447675966,1.6984191492253218,11.650790425387338,0.15904742552324033,1.6984191492253218,0.6746047873063304,14.190514895351932,1.349209574612661,0.08492095746126609,49.111269156020384,0.4406343723158477,2.698419149225322,16.84130532073927,15.095257447675966,34.63498191764056,50.36343519957879,15.888934044577253,1
58,7.0,11.0,30.0,0.15,1.0,0.25,16.0,6.0,0.12,77.0,0.25,6.0,13.0,15.0,65.0,71.93,27.0,0
59,8.0,2.0,14.0,0.24,1.0,0.25,15.0,0.0,0.08,52.0,0.75,5.0,11.0,17.0,23.0,51.61,17.0,0
60,9.0,2.0,2.0,0.16,3.0,1.0,17.0,0.0,0.18,102.0,0.33,4.0,21.0,17.0,31.0,19.05,19.0,0
61,7.5888630318133075,1.8972157579533269,18.28051030567329,0.14411136968186694,2.7944315159066537,0.9486078789766634,18.972157579533267,1.0,0.10383294547719961,60.71090425450646,0.3474733211479345,3.7944315159066537,17.486078789766633,17.486078789766633,47.738746674973186,51.76475648284737,20.869373337486593,1
62,5.0,2.0,2.0,0.18,1.0,0.5,9.0,2.0,0.08,53.0,0.5,2.0,8.0,13.0,19.0,30.77,11.0,0
63,4.0,0.0,1.0,0.18,1.0,0.5,11.0,2.0,0.04,29.0,0.5,2.0,9.0,11.0,17.0,8.33,11.0,0
64,134.0,63.0,31.0,0.17,23.0,0.56,177.0,5.0,1.86,767.0,0.15,19.0,110.0,45.0,406.0,34.69,240.0,0
65,7.0,0.0,9.0,0.17,2.0,1.0,12.0,1.0,0.02,16.0,0.5,2.0,6.0,4.0,29.0,42.86,12.0,0
66,16.0,3.0,29.0,0.12,12.0,0.8,121.0,0.0,1.27,537.0,0.2,27.0,114.0,24.0,170.0,20.92,124.0,1
67,14.0,11.0,5.0,0.13,3.0,0.75,21.0,5.0,0.16,87.0,0.25,6.0,27.0,16.0,52.0,43.24,32.0,0
68,25.29575184483695,5.506470664141303,60.16450977861957,0.12388169926206521,13.105359409652175,0.9061183007379348,108.00738505583696,1.8354902213804343,1.298428752772174,563.1145732488804,0.1846026162345652,23.43437896689131,87.79666623653262,32.0,199.97411734343478,39.13868967700597,113.51385571997827,1
69,6.0,1.0,1.0,0.22,2.0,0.5,17.0,1.0,0.11,68.0,0.25,4.0,15.0,17.0,26.0,10.53,18.0,0
70,38.184656610700976,3.0085241051661242,14.832391599631272,0.11008524105166125,3.4034096420664497,0.9657101804243517,29.008524105166124,0.7982951789667752,0.2900852410516613,152.8409157047974,0.29772722863468404,5.210228926199349,31.008524105166124,19.798295178966775,86.0340964206645,35.9760569648527,32.01704821033225,1
71,4.0,0.0,1.0,0.14,1.0,0.5,14.0,3.0,0.03,24.0,0.5,2.0,7.0,11.0,20.0,6.67,14.0,0
72,49.22736147953584,12.899804745021154,81.15413719413515,0.16709055408185663,7.872833775443007,0.43237002652658046,101.32755673451469,1.0,1.1660886015320682,534.4354406128273,0.4822736147953584,32.41811081637133,59.60886015320682,33.80925066316451,245.60886015320682,47.87477545677433,114.22736147953584,1
73,16.365559439900288,1.512084789962608,19.938822114931448,0.13170694929987536,2.256042394981304,0.5281646634479434,31.170694929987537,0.914652535006232,0.2842673732496884,143.6457714148068,0.24317220280049856,6.341389859975072,32.25604239498131,26.317220280049856,69.98716127478188,40.38413942251499,32.68277971995015,1
74,1.2679729063345726,1.683006773416357,3.8039187190037183,0.19366013546832714,2.366013546832714,0.8415033867081785,12.04902032024907,1.683006773416357,0.05,36.09804064049814,0.38388884851921934,3.366013546832714,10.267972906334572,11.633986453167287,19.80391871900372,27.020937456147546,13.732027093665428,1
75,67.0,27.0,41.0,0.13,15.0,1.0,92.0,2.0,0.88,466.0,1.0,28.0,32.0,19.0,228.0,42.5,119.0,0
76,40.0,2.0,15.0,0.15,2.0,0.4,31.0,0.0,0.43,231.0,0.2,8.0,28.0,22.0,89.0,35.42,33.0,0
77,9.637429901498207,1.9122897044946197,9.549719605992827,0.12362570098501793,2.6374299014982068,1.0,19.462009310487446,1.274859802996413,0.14274859802996412,78.46200931048745,0.3916369167453049,3.274859802996413,21.82457940898924,19.0,41.5614485224731,36.32662940359232,21.374299014982064,1
78,22.485526548096477,11.922368520612775,21.300986883588656,0.12398026232822687,10.05822360954042,0.9626217114389505,69.8736839450326,6.621381637024119,0.9806776264350066,431.232234834309,0.2249506558205672,18.796052465645374,86.91249968472621,24.640789506870924,131.20394753435463,32.89181266867148,81.79605246564537,1
79,2.0,3.0,35.0,0.1,1.0,0.25,38.0,3.0,0.3,153.0,0.75,5.0,38.0,19.0,79.0,50.0,41.0,0
80,5.0,7.0,39.0,0.07,8.0,0.8,127.0,18.0,1.2,526.0,0.8,17.0,91.0,24.0,179.0,26.59,134.0,0
81,9.382661559715462,2.794220519905154,11.102889740047424,0.12617338440284537,2.794220519905154,0.9485551299762885,20.765323119430924,1.897110259952577,0.1397110259952577,75.95840273767628,0.34749125580806195,3.794220519905154,22.868212859478348,18.382661559715462,45.045094939098966,40.70394611703607,23.559543639336077,1
82,4.0,4.0,18.0,0.19,16.0,0.89,91.0,2.0,1.39,591.0,0.39,32.0,112.0,22.0,118.0,19.47,95.0,1
83,58.8411365255661,5.194935157466345,66.30697947850362,0.12122791791401451,13.927856633935106,0.9413353926176562,110.50191463596997,1.3537986319002417,1.7731389767692787,724.0752322925492,0.15072143366064894,6.0,124.22717756855886,35.73292147646876,245.68610232307213,38.74315378367839,115.69684979343631,1
84,16.962570345904304,1.735963879714114,20.34926711280921,0.13245321293238038,2.367981939857057,0.5404780133842763,31.24532129323804,0.877339353380981,0.286133032330951,144.80248004518958,0.2401871482704785,6.490642586476076,32.36798193985706,26.018714827047848,71.29312263166567,40.893091219883416,32.981285172952155,1
85,4.0,0.0,10.0,0.25,1.0,0.5,8.0,0.0,0.02,14.0,0.5,2.0,4.0,7.0,11.0,55.56,8.0,0
86,5.0,0.0,6.0,0.07,2.0,1.0,30.0,0.0,0.28,151.0,0.5,2.0,33.0,17.0,42.0,16.67,30.0,0
87,56.50859084512615,17.98771664667797,87.28010546893788,0.1576412960741997,5.788696314064025,0.3609826682657623,102.62652604141616,1.0,1.3439065564883612,596.3955539857664,0.36727279547453884,32.54054256816197,80.07370011993217,27.105651842967987,265.4029390021582,50.714156724874364,120.61424268809414,1
88,9.850046472764264,3.36522547352422,21.87396557790743,0.0736522547352422,4.3652254735242195,0.9590432357942734,55.19135284114532,2.706531841905275,0.5677828915733477,273.4066247874338,0.26173872632378903,7.41306368381055,52.14351463085899,24.023919105143165,91.28059036534123,29.173072978363404,58.55657831466954,1
89,19.55421184224064,4.065201393204781,13.516300348301195,0.10130402786409563,5.065201393204781,1.0,45.45109895509641,0.4836996516988047,0.5509780208980717,262.7119045279155,0.2319029338227729,8.130402786409562,55.80970661772271,24.03260069660239,83.58681253884303,27.83508045900644,49.51630034830119,1
90,4.0,1.0,0.0,0.18,1.0,0.33,16.0,2.0,0.05,33.0,1.0,4.0,8.0,13.0,22.0,5.88,17.0,0
91,6.034178746292204,1.6780595820974014,11.6609702089513,0.15965821253707796,1.6780595820974014,0.6695148955243504,14.068357492584408,1.3390297910487008,0.08390297910487007,48.61245976138633,0.4423649355217209,2.6780595820974016,16.72932770153571,15.034178746292204,34.44156602992531,50.54290478381141,15.746417074681808,1
92,29.76717058794367,12.810243697062386,28.10361008470018,0.09318975630293762,7.0,0.9617229243647486,62.82770756352514,8.043073109118716,0.7349126806676862,335.603023527662,0.1368102436970624,12.637951260587522,70.81024369706239,26.0,139.27590252117506,39.477834613403296,75.63795126058753,1
93,25.0,6.0,39.0,0.1,7.0,0.88,71.0,6.0,0.66,307.0,0.13,14.0,64.0,26.0,142.0,38.79,77.0,1
94,15.0,0.0,21.0,0.1,4.0,1.0,41.0,7.0,0.48,247.0,0.25,6.0,42.0,17.0,78.0,33.87,41.0,0
95,32.14548433076211,6.0,33.91499762439578,0.13357580721793685,8.28483855641263,0.9357580721793685,61.34532051157052,0.6424192782063156,0.47721291548698946,231.73968186403368,0.5639967236161683,15.854515669237895,45.72742165381053,25.642419278206315,134.4058024667284,38.02752338507663,67.34532051157052,1
96,22.21801165600968,3.645778641185902,19.343339808894264,0.15885553397035246,3.354221358814098,0.6407354562636213,28.82288932059295,0.17711067940704894,0.20468667961778853,108.69756116770836,0.31157972802644085,8.177110679407049,31.051782526522462,21.645778641185903,75.0300194266828,43.20530990760823,32.468667961778856,1
97,16.0,0.0,5.0,0.12,6.0,0.86,59.0,4.0,1.0,449.0,0.14,12.0,77.0,26.0,81.0,7.81,59.0,0
98,7.0,2.0,7.0,0.13,1.0,0.5,14.0,2.0,0.08,51.0,0.5,2.0,13.0,13.0,31.0,39.13,16.0,0
99,8.280772362440857,1.4384552751182884,15.63073165070973,0.13719227637559145,2.719227637559144,1.0,18.59613818779572,0.7192276375591442,0.11561544724881712,66.80772362440855,0.3777313016149455,3.4384552751182884,18.0,18.280772362440857,44.946097476064594,45.773016168647395,20.03459346291401,1
100,21.566122047779885,4.301896711503516,13.57547417787588,0.10603793423007032,5.301896711503516,1.0,45.273577466372366,0.42452582212412104,0.5545284506725527,263.48116431238645,0.220659906203583,8.603793423007032,56.9340093796417,24.15094835575176,85.71707040353164,28.252847695803705,49.575474177875876,1
101,7.0,4.0,1.0,0.2,2.0,1.0,6.0,2.0,0.02,16.0,0.5,2.0,5.0,7.0,19.0,45.45,10.0,0
102,39.0,9.0,14.0,0.07,5.0,1.0,60.0,8.0,0.72,331.0,0.2,8.0,67.0,26.0,146.0,27.71,69.0,0
103,5.0,2.0,3.0,0.3,5.0,0.83,18.0,1.0,0.11,67.0,0.67,9.0,14.0,13.0,29.0,21.74,20.0,0
104,2.0,0.0,2.0,0.29,2.0,1.0,7.0,0.0,0.03,25.0,0.5,2.0,8.0,9.0,12.0,22.22,7.0,0
105,6.02269645504083,6.107953444822886,6.806789565395054,0.09647720668937321,5.0,0.9816479143801092,47.27274488283381,7.136372441416906,0.401363724414169,206.78981565190742,0.19676139665531342,8.215906889645773,43.02841899659402,14.539767224114433,67.21018434809258,20.826608203589863,53.3806983276567,1
106,22.133135092844103,6.0,30.39010802956762,0.14123837843879414,6.00309908298823,0.600309908298823,66.13003600985587,1.7492252292529424,0.393777116976147,202.00929724896469,0.6876162156120587,18.0,31.628486468361757,24.126936926867643,125.6532791322676,32.56205292331122,72.13003600985587,1
107,9.058446644748635,1.6323058305935794,18.323058305935795,0.15470776677625683,1.0,0.3925080087990915,15.690752475342215,1.6323058305935794,0.11323058305935794,65.51220902145971,0.3925080087990915,3.2646116611871587,18.058446644748635,14.264611661187159,45.704563256620226,56.07106286027856,17.323058305935795,1
108,49.0,16.0,37.0,0.28,15.0,0.71,60.0,3.0,1.95,821.0,0.24,39.0,96.0,45.0,163.0,46.9,76.0,0
109,6.0,1.0,19.0,0.22,7.0,0.44,72.0,6.0,0.52,255.0,0.56,28.0,50.0,22.0,99.0,21.74,73.0,0
110,34.0,11.0,31.0,0.04,2.0,1.0,36.0,5.0,0.31,171.0,0.5,2.0,22.0,19.0,113.0,53.85,47.0,0
111,3.0,6.0,6.0,0.07,2.0,1.0,21.0,2.0,0.18,105.0,0.5,2.0,16.0,16.0,55.0,36.36,27.0,0
112,17.0,28.0,6.0,0.14,6.0,0.75,29.0,0.0,1.25,565.0,0.13,14.0,70.0,31.0,81.0,53.97,57.0,0
113,7.0,2.0,0.0,0.13,2.0,0.67,22.0,2.0,0.14,81.0,0.33,4.0,23.0,9.0,32.0,8.33,24.0,0
114,1.0,0.0,0.0,0.27,1.0,0.33,11.0,2.0,0.07,49.0,0.33,4.0,9.0,12.0,13.0,0.0,11.0,0
115,46.0,35.0,31.0,0.13,8.0,0.8,40.0,0.0,0.87,399.0,0.1,18.0,66.0,27.0,153.0,62.26,75.0,0
116,7.1556931299863145,0.3688613740027371,9.524554503989052,0.12844306870013686,2.368861374002737,0.699508909920219,26.52455450398905,1.0,0.19368861374002738,105.10658412200821,0.4849217770811496,4.368861374002737,21.737722748005474,20.737722748005474,44.573663511967155,27.025954989451215,26.89341587799179,1
117,16.065256692716986,1.2130513385433974,62.0,0.16942416850266043,18.30326283463585,0.8666410881900566,130.80422992184904,0.909788503907548,1.4413244755986034,611.0211496092452,0.15007673542983027,24.721691968739616,99.59117858330563,32.6065256692717,211.0825379531094,33.38306941719321,132.01728126039245,1
118,40.0,2.0,11.0,0.1,3.0,1.0,28.0,1.0,0.28,148.0,0.33,4.0,30.0,20.0,82.0,31.71,30.0,1
119,14.0,2.0,20.0,0.19,3.0,0.6,24.0,1.0,0.36,197.0,0.2,8.0,23.0,21.0,68.0,47.83,26.0,0
120,34.60233436082927,6.0,17.17651281629712,0.13491757949392463,7.0,0.9847527384817738,47.43063384160089,0.7623630759113087,0.5901648410121507,273.82829948077165,0.13872939487348115,12.25412102530377,64.87293948734812,25.127060512651884,106.20948101872727,32.20803626539521,53.43063384160089,1
121,9.0,7.0,11.0,0.16,1.0,0.25,18.0,4.0,0.12,76.0,1.0,6.0,13.0,16.0,46.0,50.0,25.0,0
122,47.0,27.0,28.0,0.1,6.0,0.67,59.0,1.0,0.72,336.0,0.11,10.0,52.0,35.0,162.0,48.25,86.0,0
123,2.0,0.0,0.0,0.2,1.0,0.5,10.0,1.0,0.02,16.0,0.5,2.0,3.0,8.0,13.0,0.0,10.0,0
124,33.0,5.0,95.0,0.17,1.0,0.08,65.0,4.0,1.11,541.0,0.08,22.0,52.0,19.0,199.0,60.61,70.0,0
125,9.0,14.0,22.0,0.2,6.0,0.75,27.0,6.0,0.16,93.0,0.5,14.0,19.0,18.0,73.0,57.14,41.0,0
126,24.0,0.0,18.0,0.28,13.0,0.68,69.0,0.0,0.93,422.0,1.0,26.0,64.0,32.0,112.0,20.69,69.0,0
127,9.0,0.0,7.0,0.13,2.0,1.0,15.0,0.0,0.13,74.0,0.5,2.0,18.0,19.0,32.0,31.82,15.0,1
128,10.307615538505436,2.0,20.730711653879077,0.14,1.8461922307472818,0.6134743973003394,19.423096115373642,1.576903884626359,0.13307615538505435,76.11498157715354,0.33,4.0,19.730711653879077,16.269288346120923,53.46142330775815,53.86798883043499,21.423096115373642,1
129,6.0,6.0,7.0,0.14,7.0,0.78,57.0,7.0,0.44,213.0,0.11,10.0,41.0,32.0,77.0,18.57,63.0,1
130,1.0,0.0,11.0,0.11,3.0,1.0,28.0,2.0,0.18,103.0,0.33,4.0,24.0,17.0,41.0,28.21,28.0,0
131,9.766939161995602,6.333451809563304,6.566868076257617,0.1576658373330569,1.2000710857379824,0.1300106628606974,58.03334518095633,3.2000710857379824,0.36400497600165876,192.40191931492552,0.48799573485572106,17.79992891426202,27.60056868590386,21.16672590478165,81.93402049546717,17.89560180047045,64.36679699051963,1
132,9.557109921157142,2.253080045053062,29.291709695891832,0.16493839909893876,6.873459977473469,0.8875924013515919,44.316350056316324,1.4428900788428587,0.3256943010136939,162.2900405856898,0.4810189966210204,12.683649943683672,48.683649943683676,19.620379932420406,86.41824971841837,41.22067400816879,46.56943010136939,1
133,17.0,8.0,19.0,0.14,4.0,0.8,27.0,0.0,0.3,159.0,0.2,8.0,25.0,23.0,72.0,50.0,35.0,0
134,13.0233400413228,2.0,28.98443997245147,0.16294553990358016,6.596887994490293,0.8920933601652912,42.387551977961174,1.0,0.31596887994490297,157.8914419848483,0.48286773976583747,12.09299798760316,47.0852179738289,20.0,87.39533199173545,41.736325284641694,44.387551977961174,1
135,1.4238907146050463,1.6440273213487384,4.271672143815139,0.19288054642697477,2.288054642697477,0.8220136606743692,11.932081964046215,1.6440273213487384,0.05,35.86416392809243,0.39051535537071447,3.288054642697477,10.423890714605047,11.711945357302524,20.271672143815138,28.70445999094799,13.576109285394953,1
136,27.0,3.0,1.0,0.2,12.0,0.8,73.0,2.0,0.61,299.0,0.53,22.0,37.0,33.0,105.0,5.19,76.0,0
137,8.903225286450702,0.303970203325027,14.12779142327519,0.09696029796674974,2.696029796674973,0.8259925508312568,35.224566136824485,0.303970203325027,0.2317617878004984,124.4404469501246,0.6740074491687432,4.784119186699892,31.440446950124596,16.87220857672481,68.60794040665006,30.233175679059173,35.528536340149515,1
138,9.0,0.0,17.0,0.23,3.0,0.6,22.0,2.0,0.15,84.0,1.0,6.0,21.0,17.0,49.0,43.59,22.0,1
139,16.18196330218815,1.0,13.355806940272078,0.12292445951507955,2.4703494216439936,0.8824126445890016,22.940698843287986,1.0,0.19470349421643995,110.70755404849204,0.6175873554109984,3.4110482649319804,21.940698843287986,16.703494216439935,54.478469085748216,36.98069608241286,23.940698843287986,1
140,0.0,4.0,15.0,0.2,6.0,0.46,60.0,1.0,0.31,155.0,0.08,8.0,41.0,20.0,80.0,24.05,64.0,0
141,6.850977286019253,4.844706814194224,11.701954572038506,0.09770195457203851,4.6149022713980745,1.0,42.45333861376727,5.304315899786523,0.3368314315656342,176.34120442582673,0.21925488643009627,7.229804542796149,35.52784997075764,15.925488643009626,66.85097728601926,28.044665561021468,47.2980454279615,1
142,17.837919797094205,3.490111945891788,28.877472013527054,0.12245055972945894,11.632416040581159,0.802450559729459,115.24118463577149,0.12252798647294705,1.207510726898797,514.5773784754507,0.29802238917835755,25.774720135270528,106.64832081162318,24.980223891783577,166.44668839228453,22.291088168632278,118.73129658166329,1
143,5.0,7.0,3.0,0.17,6.0,1.0,29.0,1.0,0.24,133.0,0.17,2.0,20.0,20.0,45.0,25.64,36.0,0
144,19.0,2.0,16.0,0.11,3.0,1.0,25.0,1.0,0.23,120.0,0.33,4.0,33.0,19.0,70.0,41.86,27.0,0
145,5.0,0.0,0.0,0.18,2.0,0.5,22.0,0.0,0.1,64.0,0.75,5.0,13.0,16.0,28.0,0.0,22.0,0
146,32.45505517135031,6.0,13.172846206648407,0.14,7.0,0.9740037379232356,45.53614275908153,0.8271537933515938,0.5634569241329681,262.38276965318727,0.13645505517135031,11.763670344756687,62.16404413708025,25.827153793351595,98.16404413708025,29.7516699857574,51.53614275908153,1
147,2.0,2.0,13.0,0.06,3.0,1.0,47.0,1.0,0.52,256.0,0.33,4.0,46.0,23.0,65.0,24.19,49.0,1
148,24.362904504532,2.8725809009064003,62.0,0.22335887927945802,18.7181452252266,0.821004025225074,105.911286486404,2.1544356756798004,1.1011209153141879,486.55643243201996,0.28698792432477804,14.764514594561598,73.0387055854976,33.4362904504532,196.1467718918424,38.859516972991116,108.7838673873104,1
149,10.0,12.0,20.0,0.13,3.0,0.33,55.0,4.0,0.58,292.0,0.11,16.0,39.0,23.0,138.0,36.78,67.0,0
150,9.0,4.0,3.0,0.14,3.0,1.0,17.0,0.0,0.24,137.0,0.33,4.0,21.0,17.0,34.0,29.17,21.0,0
151,5.374704447225977,1.0,7.7172371029005085,0.15581611689974703,2.9402302414249575,0.7649424396437606,23.880460482849916,1.0,0.19940230241424958,107.41838831002529,0.7350575603562394,4.820690724274873,22.880460482849916,21.402302414249576,38.972402032976404,26.35199193896746,24.880460482849916,1
152,5.216835460842814,5.216835460842814,8.17474680873578,0.1243367092168563,6.216835460842814,0.8230740496536453,55.04208865210703,5.825253191264221,0.4556632907831437,221.41901879593973,0.15307404965364524,8.82525319126422,41.97895567394648,30.237879786896332,74.65050638252845,19.670346177515846,60.25892411294985,1
153,1.0,0.0,0.0,0.33,1.0,0.33,9.0,1.0,0.06,41.0,0.33,4.0,7.0,11.0,11.0,0.0,9.0,0
154,10.0,7.0,10.0,0.18,2.0,0.5,15.0,0.0,0.2,109.0,0.25,6.0,19.0,24.0,43.0,53.13,22.0,0
155,1.0,1.0,4.0,0.16,1.0,0.2,31.0,2.0,0.09,67.0,0.2,8.0,8.0,11.0,38.0,13.89,32.0,0
156,14.30343874928259,2.8137944643882014,23.534486160970506,0.10813794464388202,3.8137944643882014,1.0,31.068972321941008,1.0,0.21720691696582303,120.34828062535871,0.27327569195147483,5.627588928776403,21.9068972321941,18.348280625358704,72.7206916965823,45.93317114811897,33.882766786329206,1
157,21.0,2.0,30.0,0.21,5.0,0.71,31.0,1.0,0.21,126.0,0.14,11.0,15.0,15.0,85.0,50.79,33.0,0
158,4.453894084962356,1.113473521240589,12.794314648684123,0.17546105915037644,1.2269470424811781,0.5567367606202945,11.134735212405891,1.0,0.056808411274435346,35.63115267969885,0.48070950138909985,2.226947042481178,13.567367606202945,13.567367606202945,30.49641746729296,55.91859033742488,12.24820873364648,1
159,6.0,10.0,22.0,0.16,2.0,0.4,22.0,7.0,0.2,114.0,0.2,8.0,19.0,20.0,61.0,59.26,32.0,0
160,3.0,0.0,0.0,0.14,1.0,0.5,14.0,2.0,0.04,28.0,0.5,2.0,5.0,9.0,18.0,0.0,14.0,0
161,153.96073316732085,14.28510860011552,171.55430172321041,0.1798160589676674,26.137955774249445,0.6987124127736718,197.97736609757538,1.0551823096997779,3.0610364619399553,1179.9706476721715,0.5685284717413392,61.53342899376452,166.37036069087782,51.96321179353348,536.174743980716,48.418896353806005,212.2624746976909,1
162,0.0,0.0,0.0,0.56,1.0,0.2,9.0,1.0,0.04,31.0,1.0,7.0,7.0,9.0,10.0,0.0,9.0,0
163,8.154162541432179,0.187963879681738,10.624072240636524,0.1184583745856782,2.281945819522607,0.6850371103745391,28.0,1.0,0.1890601806015913,103.43610836095479,0.3769909699204345,4.469909699204345,21.09398193984087,20.0,47.96619866175044,27.84441025401902,28.18796387968174,1
164,13.93038139230303,0.7860762784606057,62.0,0.15554747904996968,18.196519069615153,0.8783829023423334,137.20885582309091,0.5895572088454544,1.5288543629155757,643.0442791154546,0.11485129297299995,27.283542329236365,106.42277954463032,32.393038139230306,214.92531349385456,31.97405171892,137.9949321015515,1
165,11.0,0.0,4.0,0.12,5.0,1.0,42.0,1.0,0.41,209.0,0.2,8.0,41.0,19.0,58.0,8.7,42.0,0
166,5.766693352417514,1.5888977841391714,11.705551107930415,0.16233306647582485,1.5888977841391714,0.6472244460347929,13.533386704835028,1.2944488920695858,0.07944488920695857,46.4279957114097,0.44994368834817045,2.5888977841391716,16.238937812765442,14.766693352417514,33.594528949322125,51.32886603281321,15.122284488974199,1
167,1.0,1.0,0.0,0.11,2.0,1.0,17.0,1.0,0.17,103.0,0.5,2.0,22.0,8.0,20.0,5.56,18.0,0
168,9.0,0.0,0.0,0.38,8.0,0.89,24.0,0.0,0.12,74.0,0.11,16.0,17.0,11.0,34.0,0.0,24.0,0
169,1.0,0.0,0.0,0.2,2.0,1.0,10.0,0.0,0.03,21.0,0.5,2.0,4.0,8.0,12.0,0.0,10.0,0
170,4.0,1.0,12.0,0.18,1.0,0.5,10.0,1.0,0.05,32.0,0.5,2.0,13.0,13.0,28.0,56.52,11.0,1
171,5.0,0.0,2.0,0.18,1.0,0.5,11.0,2.0,0.04,28.0,0.5,2.0,9.0,11.0,19.0,15.38,11.0,0
172,12.0,2.0,28.0,0.13,3.0,0.6,37.0,2.0,0.16,93.0,0.2,8.0,20.0,20.0,80.0,44.78,39.0,0
173,1.0,6.0,13.0,0.1,1.0,0.5,14.0,1.0,0.11,67.0,0.5,2.0,17.0,13.0,35.0,57.58,20.0,0
174,9.0,4.0,5.0,0.28,3.0,0.6,14.0,0.0,0.06,41.0,0.2,4.0,8.0,15.0,33.0,39.13,18.0,0
175,22.495627833037283,0.7497571018354047,16.99805681468324,0.0950048579632919,2.0,0.9174198436056835,23.50145738898757,1.0,0.19,111.49757101835405,0.4574587073120188,2.5004857963291904,21.0,14.001943185316762,64.7448991385435,42.7627853466252,24.251214490822978,1
176,17.195152371294007,2.491561903276001,18.22890475819,0.13114452379095,3.0,0.65656642862715,33.525314290172,0.0,0.22508438096723998,117.787971435258,0.4074102382995498,7.245780951638,34.131328572543,20.868671427457002,77.34335713728501,37.98179241942198,36.016876193448,1
177,15.049007252932388,9.480387404973994,12.568619847958391,0.12259806297513004,7.0,0.8565685229094279,57.6960774809948,7.6960774809947985,0.5548527843641419,260.3332687076463,0.12044116221492199,10.696077480994798,52.485278436414184,29.911767557015605,98.23036317034138,25.95886246075979,67.1764648859688,1
178,27.8330455186942,6.0,41.568988737932486,0.13090289770054409,8.819420459891184,0.889165227593471,69.73594321923828,1.5417386203264498,0.42180579540108815,211.18057954010882,0.7377000586624584,17.277681839564735,35.54173862032645,26.54173862032645,146.13797747586497,39.70256864163609,75.73594321923828,1
179,1.0,0.0,0.0,0.2,2.0,1.0,10.0,0.0,0.05,37.0,0.5,2.0,11.0,10.0,12.0,0.0,10.0,0
180,22.0,9.0,31.0,0.1,3.0,0.75,32.0,6.0,0.25,130.0,0.25,6.0,33.0,20.0,95.0,55.56,41.0,0
181,42.0,5.0,44.0,0.16,6.0,1.0,32.0,0.0,0.23,123.0,0.17,10.0,31.0,17.0,124.0,60.49,37.0,0
182,47.70662846917327,26.563200330363284,230.13508766500223,0.18633828524233817,34.41542868941546,0.6960811404187472,288.96594504383313,5.244114317177456,2.998931450988937,1107.1205784684557,0.24319086013185826,69.39622946026313,207.32994476853042,48.87794284141127,435.599773568067,45.27548691133816,315.52914537419645,1
183,0.02431596643145384,1.9513680671370923,7.121579832157269,0.19756840335685463,4.951368067137093,0.8280547226854836,28.3161075636089,0.9756840335685462,0.18170211765020175,98.75379495937507,0.8280547226854836,8.92705210070564,22.340423530040354,19.975684033568545,38.72947899294361,24.27914917639516,30.26747563074599,1
184,16.0,3.0,8.0,0.24,4.0,0.67,22.0,0.0,0.37,187.0,0.83,9.0,33.0,27.0,50.0,33.33,25.0,0
185,13.0,9.0,7.0,0.11,3.0,1.0,19.0,0.0,0.12,74.0,0.33,4.0,18.0,13.0,49.0,45.71,28.0,0
186,9.0,0.0,11.0,0.11,2.0,0.67,28.0,1.0,0.19,104.0,0.33,4.0,21.0,20.0,49.0,28.21,28.0,1
187,12.0,0.0,0.0,0.2,9.0,0.9,50.0,2.0,0.25,138.0,1.0,18.0,32.0,13.0,63.0,0.0,50.0,0
188,30.164066422176358,2.0,17.557289051882428,0.1229505116815885,4.311457810376486,0.9606562656887054,33.24583124150594,1.0,0.2931145781037649,151.60650897853535,0.38573695694100063,6.950780073347093,36.22942459928831,20.0,83.96718671556474,35.36568864642445,35.24583124150594,1
189,22.923076046437117,3.094016899208248,20.86752112401031,0.16811966201583503,3.0,0.6,27.414529573614434,0.4529915503958759,0.19641025348812371,104.88461406965567,0.3811966201583504,7.5470084496041245,30.282050697624744,20.86752112401031,75.29914364327011,46.43649554727159,30.508546472822683,1
190,16.0,10.0,7.0,0.1,2.0,0.67,20.0,1.0,0.38,205.0,0.33,4.0,28.0,19.0,54.0,45.95,30.0,0
191,62.0,7.0,46.0,0.04,4.0,1.0,92.0,0.0,2.08,822.0,0.25,6.0,168.0,24.0,215.0,36.55,99.0,1
192,9.201695586831482,2.6816070805060357,12.112053103795269,0.1829598229873491,4.318392919493965,0.7516151857418059,28.340803540253017,0.6591964597469822,0.19022410620759053,102.43044602328924,0.6152937696405988,8.659196459746981,25.748838942783195,20.681607080506037,53.3361593113858,32.14144124880676,31.022410620759054,1
193,84.66034144235303,12.596955894017505,63.92014220740919,0.09774395437797229,10.580483649762218,0.7922435284785996,133.7731437234544,1.0,1.5954753916125164,672.4651779399752,0.14565263119849745,25.95183498157695,112.41826463589497,24.709758175118893,295.95058326723415,36.446609932833,146.3700996174719,1
194,40.0,25.0,13.0,0.08,4.0,0.67,48.0,1.0,0.59,279.0,0.83,8.0,54.0,25.0,151.0,44.19,73.0,0
195,9.48790694170072,1.4637208251021572,8.951627766802876,0.1251209305829928,2.487906941700719,1.0,18.415348591905033,0.975813883401438,0.1397581388340144,77.41534859190503,0.41705581991087776,2.975813883401438,20.927441650204315,19.0,39.31860412551079,35.269502077824086,19.87906941700719,1
196,33.0,8.0,4.0,0.13,3.0,1.0,16.0,3.0,0.14,82.0,0.33,4.0,19.0,18.0,62.0,42.86,24.0,0
197,17.0,1.0,8.0,0.26,5.0,0.45,41.0,5.0,0.5,241.0,0.64,18.0,45.0,33.0,68.0,18.0,42.0,0
198,19.0,4.0,16.0,0.16,4.0,1.0,21.0,0.0,0.19,104.0,0.25,6.0,25.0,19.0,84.0,48.78,25.0,0
199,9.0,2.0,13.0,0.18,4.0,1.0,20.0,0.0,0.22,122.0,0.25,6.0,25.0,19.0,45.0,42.86,22.0,0
200,1.0,1.0,0.0,0.14,5.0,1.0,35.0,1.0,0.37,191.0,0.2,8.0,47.0,10.0,38.0,2.78,36.0,0
201,31.598127970249447,15.845433834711326,22.75269413553812,0.09077283082644337,7.0,0.9965995443636492,58.96908676694227,8.969086766942265,0.7648993165454737,346.89790015207404,0.13953630150413399,11.969086766942265,73.48993165454738,26.092739699173205,137.05714639173908,39.471856031092145,74.81452060165358,1
202,3.0,0.0,0.0,0.2,3.0,1.0,15.0,1.0,0.05,36.0,0.33,4.0,5.0,12.0,19.0,0.0,15.0,0
203,28.778067649559947,14.599159847634759,20.618571740979093,0.09980588106655668,6.159495908580856,0.8739243862871284,58.859915984763475,8.159495908580856,0.7111647136006599,326.3063895316831,0.19043024548514867,12.840504091419144,67.27596726864685,25.29957992381738,129.87512711628162,36.625696214740366,73.45907583239824,1
204,74.0,30.0,18.0,0.13,10.0,0.83,63.0,3.0,1.09,487.0,0.25,21.0,77.0,29.0,186.0,43.24,93.0,0
205,35.819461122652775,6.4513471933680595,14.406212474031253,0.13774326403315973,7.0,1.0,44.67702079005209,0.4062124740312534,0.5885755966739931,272.61077754694446,0.14,12.0,65.40621247403125,25.045134719336804,102.66998461546183,31.635901850329688,51.12836798342015,1
206,51.0,0.0,14.0,0.12,11.0,0.85,106.0,2.0,0.91,421.0,0.08,24.0,71.0,20.0,172.0,11.67,106.0,0
207,31.64345199766403,6.0,36.50883134540251,0.1327390866627734,8.452182667445323,0.9273908666277338,63.60446601051186,0.7260913337226615,0.4638253866043741,226.88670264408563,0.6192202802569566,16.35654800233597,43.21725998832015,25.72609133372266,138.7567493535784,38.91026357077408,69.60446601051186,1
208,14.440826793875532,10.99704180837487,57.408286685999116,0.13857988054750037,5.571005972624982,0.641568029033756,59.266274740749154,3.9970418083748713,0.3756804778099985,188.55917320612446,0.26136095561999706,16.281065698874798,44.70710153462469,17.857988054750038,143.1124300289987,53.39674561426748,70.26331654912403,1
209,10.0,5.0,0.0,0.14,5.0,1.0,31.0,0.0,0.24,141.0,0.2,8.0,25.0,12.0,47.0,13.89,36.0,0
210,42.88050744585901,41.477970216563946,312.97611326683364,0.16,37.96714101981895,0.56,381.25841516209556,6.412995036093991,3.9437790771623655,1403.7311859194147,0.4188050744585901,110.39059386271187,288.6609523913906,46.92382423283898,524.2800735555855,47.81963427120358,422.7363853786595,1
211,91.59557569706662,10.818783960911823,56.50165589250751,0.07818783960911822,11.637567921823644,0.9236243207817636,140.68949550162574,0.9546959902279555,1.6885746440065381,700.7536092410496,0.08770168166124757,23.1845278241032,124.08398444951405,24.0,300.922639120516,32.41616636231295,151.50827946253756,1
212,18.783627161647008,4.8797928675816715,70.29564787488884,0.14219948216895417,14.58414499269283,0.7292072496346416,134.84860068401315,0.24398964337908358,1.5826445569132033,669.3053877872028,0.14759585735163344,32.73196893013725,106.55652818766674,31.024041426483667,229.80766858813067,35.88476389248637,139.72839355159482,1
213,13.0,4.0,19.0,0.18,2.0,0.67,13.0,0.0,0.1,66.0,0.33,4.0,14.0,13.0,50.0,63.89,17.0,0
214,10.0,4.0,0.0,0.16,6.0,1.0,34.0,0.0,0.26,146.0,0.17,10.0,27.0,12.0,49.0,10.53,38.0,0
215,11.350710438038858,2.4701420876077718,28.17156296368549,0.1505971582478446,2.4701420876077718,0.8675355219019429,15.880568350431087,1.7350710438038859,0.08675355219019429,52.5819892265088,0.37503792255333945,3.4701420876077718,15.940284175215544,13.735071043803886,58.8729838397632,64.42201372089177,18.35071043803886,1
216,34.547668370931,6.0,21.503713416856513,0.137579447284885,7.484110543023001,0.97579447284885,50.53549233081051,0.2420552715115004,0.5412711565581599,254.960794252333,0.2997564791975903,13.452331629069002,57.73834185465499,25.2420552715115,113.58687411859802,33.80368311444633,56.53549233081051,1
217,27.257075661041867,6.0,33.870282588541215,0.10820754785833407,7.0,0.9046226435750022,65.45990519562451,4.7688678212498905,0.6435849042833319,299.20282953458263,0.13205188696458353,13.589622607083296,64.20518869645835,25.79481130354165,133.58726344520758,37.24287722870403,71.45990519562451,1
218,17.0,5.0,0.0,0.22,3.0,0.2,63.0,3.0,0.54,262.0,0.27,7.0,39.0,35.0,86.0,7.35,68.0,0
219,1.0,1.0,0.0,0.26,13.0,1.0,49.0,1.0,0.26,132.0,0.08,4.0,32.0,26.0,52.0,2.0,50.0,0
220,4.305765061750668,2.164697504410762,15.635160070572192,0.06988185026464572,4.482277539696859,0.9670604991178476,59.18761532639639,0.835302495589238,0.6435231283080716,302.2799987394242,0.3085893244266009,7.7880426014475255,57.19943029993182,23.16469750441076,82.29323796313001,23.65143916057681,61.35231283080715,1
221,6.0,2.0,2.0,0.18,1.0,0.5,9.0,1.0,0.06,43.0,0.5,2.0,8.0,12.0,20.0,30.77,11.0,0
222,23.0,3.0,20.0,0.19,2.0,0.4,24.0,0.0,0.22,120.0,0.2,8.0,25.0,19.0,71.0,48.94,27.0,0
223,4.0,4.0,0.0,0.14,1.0,0.5,10.0,0.0,0.1,62.0,0.5,2.0,12.0,15.0,19.0,28.57,14.0,0
224,17.490947412710582,3.783558907788234,30.643288218442354,0.16286576436884706,6.286576436884706,0.8621644109221176,40.076170402865884,0.6432882184423532,0.32356711781557645,163.6372531602494,0.38228511208597654,11.929864655327059,44.00603505819294,19.643288218442354,92.99396494180705,46.427117815576466,43.85972931065412,1
225,12.013713335045232,6.0,11.596896193655432,0.15569469523564966,2.148081270493422,0.21480812704934216,59.86563206455181,2.7129796823766448,0.36004571111681744,190.44424381148028,0.5430530476435034,18.0,27.2915914293051,21.71755079405839,90.47624159325247,20.678960516295973,65.86563206455182,1
226,47.358918256940704,17.010379834730458,89.74897601807277,0.1745643269722372,5.6307019083288425,0.2978421144997306,95.34853842221025,1.0,1.2146681253195417,553.8672501278166,0.463589182569407,33.91286539444744,64.46681253195418,30.446052862493264,250.46681253195416,52.60193680994002,112.3589182569407,1
227,42.0,45.0,339.0,0.16,41.0,0.56,411.0,7.0,4.25,1500.0,0.41,119.0,314.0,48.0,555.0,48.3,456.0,1
228,25.0,7.0,0.0,0.15,5.0,1.0,27.0,0.0,0.18,102.0,0.2,6.0,26.0,12.0,60.0,20.59,34.0,0
229,3.0,0.0,5.0,0.25,1.0,0.5,8.0,0.0,0.04,25.0,0.5,2.0,8.0,11.0,17.0,38.46,8.0,0
230,10.0,2.0,31.0,0.17,7.0,0.88,44.0,1.0,0.32,159.0,0.5,13.0,49.0,20.0,88.0,42.86,46.0,1
231,12.42571623863836,3.0,24.947868372170568,0.13212858119319182,3.0,1.0,19.57428376136164,2.0,0.1196785470170205,68.2649897471486,0.33,4.0,19.75499658238287,15.96785470170205,60.94786837217057,56.10045671313916,22.57428376136164,1
232,10.0,2.0,18.0,0.17,2.0,0.67,16.0,1.0,0.12,70.0,0.33,4.0,21.0,12.0,71.0,55.56,18.0,0
233,67.89420173296547,8.210466859218386,58.992523671986866,0.1517308521915272,14.789533140781614,0.8681943845283415,121.48074434254184,1.7970094687947469,1.351196212482101,578.2381128215695,0.19955142031921203,17.623924249642023,95.30018279537597,27.985047343973733,257.57793660671257,36.34850904835679,129.6912112017602,1
234,10.354798878680683,4.080187104827861,62.532198318021024,0.13,16.580804485277266,0.8290402242638633,145.6294106525335,0.17739943934034175,1.643876145771511,685.1470532626676,0.1209597757361367,31.645201121319317,114.7424134558318,33.06439663604205,223.59659495406308,31.329619838350354,149.70959775736137,1
235,8.0,1.0,11.0,0.16,1.0,0.33,18.0,4.0,0.15,91.0,0.33,4.0,19.0,14.0,57.0,40.0,19.0,0
236,3.0,2.0,0.0,0.18,1.0,0.5,9.0,2.0,0.06,39.0,0.5,4.0,9.0,13.0,15.0,18.18,11.0,0
237,7.635811108056785,3.697015740995268,21.332826849052054,0.16879110186966875,14.788062963981073,0.8627314166895741,100.08952777014196,1.394031481990536,1.3536418889194322,574.6388500137444,0.33243299078910094,30.48507870497634,112.60596851800946,22.605968518009465,133.75518146824606,19.90932717555686,103.78654351113722,1
238,81.0,80.0,165.0,0.19,63.0,0.66,423.0,3.0,5.56,2027.0,0.28,124.0,227.0,72.0,750.0,36.68,503.0,0
239,19.82021919464723,22.30998065929583,72.13019985394307,0.14150032234506946,8.619961318591665,0.43099806592958323,121.02974857084583,1.0,1.38859883955775,598.0297485708459,0.45,31.150032234506945,88.78982593366248,35.69993553098611,236.29014827873195,43.97420102294477,143.33972923014164,1
240,42.05757395451902,44.640162784256106,335.5023822629693,0.16028786977259513,40.46744092069903,0.5548183440932879,406.39408363847815,6.913639068221465,4.206819534110732,1486.5852685970676,0.4105757395451902,117.79094695510051,310.4592017970801,47.712130227404884,550.6675599224435,48.41140560199431,451.0342464227342,1
241,11.005274186210384,2.497362906894808,16.529008024157115,0.13005274186210386,1.9947258137896158,0.6632331476195213,20.492088720684425,2.0,0.15,83.01054837242077,0.33,4.0,22.492088720684425,16.989451627579232,51.52373383794673,47.39461961533985,22.989451627579232,1
242,1.0,1.0,0.0,0.25,2.0,0.5,15.0,1.0,0.09,55.0,1.0,4.0,12.0,16.0,18.0,6.25,16.0,0
243,2.0,33.0,58.0,0.16,9.0,0.36,128.0,0.0,1.89,790.0,0.48,45.0,108.0,36.0,233.0,41.55,161.0,0
244,37.51045142908326,1.9004180571633305,11.796655542693356,0.10298745828510009,2.9004180571633302,0.9502090285816652,28.298745828510008,1.0,0.28,147.30292640014332,0.32203344457306643,4.1991638856733395,30.19916388567334,20.697073599856687,80.50627085744996,32.45786039070339,30.19916388567334,1
245,32.63892598110179,8.150013353196645,59.28332888226779,0.12094442960755929,10.755543686047428,0.9090555703924408,88.3276783706472,2.716671117732215,1.1104434948837942,496.43855209159574,0.24922254863369578,19.322201450582998,72.81659099855234,32.0,189.39994658721344,43.82363477594294,96.47769172384385,1
246,6.0,7.0,2.0,0.2,2.0,0.67,8.0,0.0,0.06,43.0,0.33,4.0,9.0,12.0,24.0,52.94,15.0,0
247,1.0,0.0,0.0,0.25,1.0,0.33,12.0,2.0,0.08,51.0,0.33,4.0,12.0,10.0,14.0,0.0,12.0,0
248,86.53651562513832,12.23768849731394,62.363316821693736,0.09375209441459932,10.899832446832054,0.8209849202148849,135.84891090440834,1.0,1.6122412034586828,677.5348400934589,0.1308827493340175,25.512730385605927,114.57386901611636,24.550083776583975,297.98643184855433,35.49574888955756,148.08659940172228,1
249,53.0,45.0,13.0,0.17,27.0,0.93,130.0,0.0,1.7,729.0,0.24,56.0,94.0,34.0,259.0,30.85,175.0,0
250,1.0,1.0,0.0,0.26,14.0,1.0,52.0,1.0,0.28,142.0,0.07,6.0,34.0,27.0,55.0,1.89,53.0,0
251,10.0,6.0,12.0,0.19,4.0,1.0,15.0,2.0,0.1,63.0,1.0,6.0,11.0,15.0,44.0,54.55,21.0,0
252,10.8968525908217,1.264568393881133,16.484262954108498,0.13632284196940567,1.3677158030594336,0.5763695880498204,17.529136787762265,1.264568393881133,0.14264568393881133,80.95512616634623,0.3925116865201037,3.2645683938811327,19.896852590821698,16.470863212237735,47.1748207265736,46.98849788460419,18.7937051816434,1
253,19.57288181559432,2.349529292354294,17.46120555397431,0.13349529292354295,2.5873823230885735,0.6288832373837998,28.587382323088573,0.4126176769114265,0.20174764646177146,108.11167626162002,0.2536402979984855,6.349529292354294,28.048587877062882,21.174764646177145,68.9709989850115,39.40550707806821,30.936911615442867,1
254,60.18538032427943,5.963074471016817,57.6654122010608,0.08666164880424321,9.703090409407501,0.9662999203080466,102.62848667207761,0.7776941467373866,1.9037226600728592,765.7467900526624,0.19296909590592498,6.0,142.85455592215783,30.740015938390684,232.6277339927141,37.809864517714566,108.59156114309444,1
255,36.0,21.0,29.0,0.18,8.0,0.67,45.0,4.0,0.6,288.0,0.42,20.0,50.0,28.0,143.0,52.63,66.0,0
256,0.0,0.0,6.0,0.11,2.0,1.0,19.0,2.0,0.1,60.0,0.5,2.0,16.0,16.0,26.0,24.0,19.0,0
257,11.32719207161832,1.5514613810788804,20.8786534526972,0.1601842378514504,1.4485386189211196,0.39055271355435117,19.67280792838168,2.0,0.15,84.77573069053945,0.48026043733857504,4.44853861892112,21.0,15.44853861892112,54.43011483377608,53.06942903839196,21.22426930946056,1
258,10.0,15.0,2.0,0.3,1.0,0.14,8.0,4.0,0.12,74.0,0.14,11.0,12.0,14.0,36.0,68.0,23.0,0
259,62.29434059797913,7.037979431997307,46.10444343799259,0.040379794319973066,4.075958863994614,0.9992404113600539,92.48423775796566,0.0094948579993267,2.076107108220276,820.7941530340855,0.24838587414011443,6.170907443987879,167.56323653203097,24.0,215.8545372199394,36.50888726486291,99.52221718996296,1
260,38.0,5.0,70.0,0.17,7.0,0.39,104.0,2.0,0.8,372.0,0.72,29.0,58.0,32.0,218.0,41.9,109.0,0
261,30.847463733430462,4.847463733430462,61.49152175994172,0.23627101546394705,17.474565279825168,0.8103391296023311,87.81355077319735,3.0,0.9005086944034967,414.37297050808473,0.3613557978645298,9.694927466860925,57.2034057069192,33.661014506627815,186.0,43.04610505338675,92.66101450662782,1
262,26.0,5.0,32.0,0.13,6.0,0.67,62.0,2.0,0.68,314.0,0.44,14.0,66.0,24.0,126.0,37.37,67.0,0
263,77.0,4.0,31.0,0.08,10.0,1.0,127.0,1.0,1.82,753.0,0.1,18.0,128.0,26.0,240.0,21.6,131.0,0
264,2.568126584617151,1.3579683538457124,7.0,0.17431873415382848,3.7159367076914247,0.778637468307657,25.43187341538285,1.0,0.19284063292308576,103.77828481538859,0.778637468307657,6.431873415382849,22.642031646154287,21.284063292308577,37.35796835384571,24.756581519384916,26.789841769228563,1
265,5.0,0.0,3.0,0.15,3.0,1.0,20.0,0.0,0.16,93.0,0.33,4.0,18.0,17.0,29.0,13.04,20.0,0
266,12.150443122368237,2.0,29.566371251754507,0.16498229938114078,6.713274250350901,0.8886017724894729,42.853097001403604,1.0,0.31713274250350904,158.21150418846497,0.4878141556399133,12.354867063289529,47.638052689166784,20.0,87.56991137552635,42.06075197285314,44.853097001403604,1
267,7.810561905205863,2.2701873017352874,11.364906349132356,0.14189438094794138,2.2701873017352874,0.8175468254338218,17.621123810411724,1.6350936508676437,0.11350936508676437,63.11958889251454,0.39203407935250056,3.2701873017352874,19.986030159544082,16.810561905205862,40.066779366485235,45.32329893520344,19.891311112147015,1
268,16.0,0.0,15.0,0.16,3.0,0.75,25.0,0.0,0.16,97.0,0.25,6.0,14.0,17.0,57.0,37.5,25.0,0
269,77.70621418651442,13.92859728343341,69.69058822821144,0.11253996981592677,9.396802414725858,0.6857122173253273,126.07921569571808,1.0,1.5333321267731075,653.674238333773,0.20039788831892907,27.579396679751945,104.42841629939954,25.301598792637073,288.40461539387735,39.97102081015375,140.00781297915148,1
270,9.185531517411064,0.5565945522331925,7.742126069644257,0.12814468482588937,2.1855315174110643,1.0,16.29872062187745,0.37106303482212843,0.13371063034822128,75.29872062187745,0.4684596420401191,2.3710630348221287,19.113189104466386,19.0,34.782972761165965,33.131707828096225,16.855315174110643,1
271,28.546792019734895,6.0,30.93910904605706,0.11289742552630871,7.0,0.9186922765789262,62.29423776974163,4.065386171053694,0.6342051489473826,294.7474457500067,0.13322435638157717,13.355128723684565,64.32243563815771,25.677564361842283,128.7801388355336,36.358835288290805,68.29423776974163,1
272,10.0,2.0,4.0,0.07,2.0,1.0,25.0,1.0,0.27,148.0,0.5,2.0,29.0,15.0,42.0,19.35,27.0,0
273,7.0,0.0,0.0,0.17,2.0,1.0,12.0,2.0,0.03,23.0,0.5,2.0,7.0,10.0,20.0,0.0,12.0,0
274,3.336071266924968,13.677500039018112,75.7885716961242,0.13092142845994825,5.953928577002587,0.5152035695891461,76.88071454211902,6.677500039018112,0.406314286160207,199.66392873307504,0.322628572320414,20.493214347028463,51.216785809043984,17.092142845994825,170.68285754418628,53.75669286238243,90.55821458113712,1
275,11.041729499185287,1.5910470555857301,11.90743533297124,0.15501517611443033,3.77314116675719,0.8995220005504259,25.54628233351438,1.0,0.1840895294441427,104.54324711062831,0.6950455283432909,6.137329389100111,21.59104705558573,16.728376444685843,51.086494221256636,33.848603604852485,27.13732938910011,1
276,9.128138290285225,2.0,19.84610371771392,0.14,2.435930854857387,0.8110368363772247,19.717965427428695,1.2820345725713065,0.12128138290285226,69.92272602399744,0.33,4.0,18.84610371771392,17.15389628228608,51.69220743542784,52.5145386881023,21.717965427428695,1
277,13.0,3.0,18.0,0.1,2.0,1.0,18.0,2.0,0.21,122.0,0.5,2.0,19.0,16.0,53.0,53.85,21.0,0
278,29.60771809328867,6.0,44.529261711946404,0.12764630855973202,8.843087237315467,0.8984308723731547,71.0,1.3922819067113297,0.4388295315221438,218.53181260885754,0.7474342245006819,17.686174474630935,37.275235058925716,26.0,152.1369798052351,41.563846292159774,77.0,1
279,1.0,0.0,0.0,0.29,1.0,0.5,7.0,1.0,0.04,27.0,0.5,2.0,5.0,10.0,9.0,0.0,7.0,0
280,25.46755902396807,0.9148643902204485,18.318915121763588,0.09170271219559104,2.0,0.971905248772748,22.510813658677307,1.0,0.19,113.14864390220448,0.4855269463374763,2.170271219559103,21.0,12.681084878236412,68.21215219462943,45.967517814178905,23.42567804889776,1
281,9.0,6.0,6.0,0.16,1.0,0.1,58.0,3.0,0.35,187.0,0.5,18.0,26.0,21.0,80.0,17.14,64.0,1
282,42.81254869320666,2.1875032462137773,83.14586471339985,0.19562509738641332,23.833341989903406,0.8781249675378622,137.3333160201932,2.1875032462137773,1.4785413528660014,631.2707283724212,0.035416645025241486,13.04163853281393,83.99994806057956,45.12501947728266,266.4792326730135,38.15188801731725,139.52081926640696,1
283,0.0,0.0,0.0,0.33,1.0,0.33,9.0,1.0,0.03,24.0,1.0,3.0,4.0,10.0,10.0,0.0,9.0,0
284,48.0,61.0,32.0,0.13,22.0,0.76,165.0,3.0,2.84,1112.0,0.93,53.0,172.0,31.0,307.0,36.05,226.0,0
285,6.0,0.0,17.0,0.17,2.0,0.4,29.0,2.0,0.19,111.0,0.2,8.0,18.0,17.0,53.0,36.96,29.0,0
286,4.0,3.0,0.0,0.12,1.0,0.5,14.0,2.0,0.05,37.0,0.5,2.0,7.0,10.0,22.0,17.65,17.0,0
287,53.32133340640131,6.170814676797522,91.93259255199928,0.21253925958400582,21.896592771203206,0.7450325980320976,125.16622256320612,2.6269629792002913,1.372022223440022,598.0988151152054,0.10833777436793879,11.409036801595771,70.44044446880044,45.89659277120321,277.5909631984042,44.138765807149866,131.33703724000364,1
288,3.0,1.0,2.0,0.17,1.0,0.5,11.0,1.0,0.05,32.0,0.5,2.0,8.0,14.0,18.0,21.43,12.0,0
289,17.301391711652933,3.347037789774115,28.91324055255647,0.12173518894887057,11.739721657669413,0.8017351889488706,116.92230597015416,0.0867594474435287,1.2257526818038005,521.1230211178342,0.26940755795482296,26.132405525564714,108.79443315338827,24.69407557954823,167.48397602413766,21.890838216893087,120.26934375992826,1
290,36.27841678792142,1.851136671516857,12.190906627865145,0.1044658998544943,2.8511366715168567,0.9255683357584285,28.446589985449428,1.0,0.28,146.957956700618,0.31809093372134856,4.297726656966287,30.297726656966287,21.042043299382,79.76705007275285,32.827963596908404,30.297726656966287,1
291,34.21180126354622,6.0,23.239026805011196,0.13701966877257704,7.596066245484593,0.9701966877257704,52.04689431404201,0.29803312274229665,0.5323147003612325,251.7140788809468,0.33670186100991584,13.78819873645378,56.059006317731104,25.298033122742297,116.49772238259942,34.394249444931226,58.04689431404201,1
292,31.0,7.0,30.0,0.15,5.0,0.83,33.0,0.0,0.33,172.0,0.17,10.0,35.0,19.0,102.0,52.86,40.0,1
293,39.0,4.0,28.0,0.13,7.0,1.0,48.0,1.0,0.58,262.0,0.14,12.0,77.0,20.0,120.0,40.0,52.0,0
294,56.21591211996058,8.05165234182535,60.197306614642216,0.10309914050952099,7.154957025476049,0.7686364847984231,99.88739256369013,0.5258261709126748,1.5752068759238322,661.0971917007215,0.3814565427281687,19.14565427281687,108.58164268686775,30.83574022186477,228.67148044372954,40.14665100904269,107.93904490551547,1
295,8.446058604828519,0.0,11.069242674396435,0.10930757325603564,2.069242674396435,0.6755394139517149,28.90015476715366,0.9307573256035647,0.19415456046378612,105.73106685991088,0.35908192324650284,4.13848534879287,22.038640115946528,19.930757325603565,50.315610813532274,27.824318303611857,28.90015476715366,1
296,46.0,20.0,96.0,0.18,4.0,0.2,91.0,1.0,1.25,568.0,0.45,35.0,68.0,28.0,254.0,56.04,111.0,1
297,57.63990348727879,9.319226129196096,79.19298690640424,0.1612769045167844,11.021523613427505,0.5689383316174907,112.6822250996905,1.0,1.2432212858696927,558.2016942797238,0.5044691658087453,32.91535677517657,62.0229748423141,37.95767838758829,259.83434162256964,43.711141485971275,122.0014512288866,1
298,4.0,0.0,0.0,0.25,1.0,0.2,20.0,1.0,0.1,63.0,0.2,8.0,8.0,16.0,25.0,0.0,20.0,0
299,9.0,0.0,12.0,0.11,2.0,1.0,18.0,1.0,0.12,70.0,0.5,2.0,21.0,16.0,40.0,40.0,18.0,0
300,14.705090734131453,22.028941787747684,65.55489040700132,0.13208083902625498,10.0,0.5041616780525099,128.4046900798712,1.0,1.4084979967286986,600.68812162036,0.4534680650437583,30.069361300875165,92.22554796499338,37.930638699124835,231.69361300875164,40.579471128643,150.43363186761889,1
301,19.57949399020162,0.7145959227000623,17.002171458900435,0.09285404077299937,2.2854040772999378,0.9286489806750156,27.422677468698815,0.7145959227000623,0.20712424463799625,118.28106115949906,0.5713510193249844,3.1416163091997507,25.281061159499068,13.997828541099564,69.42919184540013,40.49060614904755,28.137273391398878,1
302,35.0,28.0,17.0,0.15,11.0,0.69,76.0,5.0,1.22,526.0,0.63,26.0,94.0,32.0,157.0,37.19,104.0,0
303,5.0,1.0,2.0,0.08,2.0,1.0,23.0,2.0,0.12,73.0,0.5,2.0,20.0,7.0,32.0,11.54,24.0,0
304,11.188127789408888,2.531354631568148,26.97031947352222,0.14,3.0,1.0,18.937290736863705,1.5313546315681479,0.10468645368431852,61.87458147372741,0.33,4.0,17.46864536843185,15.874581473727408,60.627092631362956,59.748241836668775,21.46864536843185,1
305,19.0,2.0,0.0,0.06,2.0,1.0,33.0,0.0,0.25,135.0,0.5,2.0,34.0,12.0,55.0,5.71,35.0,0
306,10.801565851763803,5.198434148236197,38.05443190353351,0.13,3.291825891764984,0.5,46.50191070117981,2.937738837647476,0.321984341482362,160.37738837647476,0.27583651783529967,10.844347094118689,38.45912945882492,23.77043527058754,101.55634260471331,43.92870537548336,51.700344849416005,1
307,35.513646652184796,4.492418526564002,20.471190400943208,0.12492418526564002,3.996967410625601,0.9152577700968239,30.492418526564002,0.5015162946871996,0.30492418526564,159.9636089275072,0.25024260714995195,6.990902231876802,32.492418526564,19.5015162946872,91.96967410625601,42.25293036736573,34.984837053128004,1
308,10.312874085342171,2.843562957328914,12.720807469381946,0.12312874085342172,2.6871259146578277,0.8951871814103723,21.53068887198674,2.0,0.15,81.62574817068435,0.33,4.0,23.53068887198674,18.374251829315657,48.40793338403977,41.53691476199478,24.374251829315657,1
309,24.0,13.0,55.0,0.16,6.0,0.35,93.0,1.0,0.9,407.0,0.41,30.0,63.0,35.0,186.0,42.24,106.0,0
310,20.0,7.0,14.0,0.24,2.0,0.15,47.0,2.0,0.29,150.0,0.23,11.0,28.0,26.0,89.0,30.88,54.0,0
311,1.0,0.0,12.0,0.1,3.0,0.75,41.0,0.0,0.25,129.0,0.75,6.0,36.0,19.0,68.0,22.64,41.0,1
312,2.0,1.0,0.0,0.16,5.0,1.0,30.0,1.0,0.35,189.0,0.2,8.0,38.0,11.0,34.0,3.23,31.0,0
313,17.0,0.0,34.0,0.18,8.0,0.67,65.0,0.0,0.55,263.0,0.25,21.0,61.0,17.0,117.0,34.34,65.0,0
314,0.0,0.0,0.0,0.15,1.0,0.5,13.0,0.0,0.02,20.0,0.5,2.0,6.0,7.0,14.0,0.0,13.0,0
315,18.758478482762985,20.57387951900816,66.38635456056677,0.13519882960212537,10.0,0.5103976592042507,126.01423063837055,1.0,1.3762787607780378,591.230216873553,0.4586647160035423,30.173294320070845,88.06822719716617,37.826705679929155,232.73294320070846,40.893348846613954,146.5881101573787,1
316,34.237493751523765,8.725497750548556,59.09150074981715,0.1203050024993905,10.244001999512395,0.9096949975006096,84.0435167459163,2.9084992501828517,1.0695201599609916,481.92355673616424,0.26328994501340913,18.427003499146693,69.55551274689152,32.0,187.09800899780578,44.84352101347216,92.76901449646486,1
317,2.0,0.0,3.0,0.11,2.0,1.0,19.0,2.0,0.09,57.0,0.5,2.0,16.0,15.0,25.0,13.64,19.0,0
318,39.0,4.0,58.0,0.17,7.0,0.58,68.0,5.0,0.38,187.0,0.42,20.0,42.0,24.0,177.0,47.69,72.0,0
319,1.0,0.0,12.0,0.09,2.0,1.0,22.0,1.0,0.14,81.0,0.5,2.0,20.0,17.0,36.0,35.29,22.0,0
320,3.0,6.0,4.0,0.09,5.0,1.0,49.0,8.0,0.41,211.0,0.2,8.0,44.0,14.0,63.0,16.95,55.0,1
321,8.540635121610107,0.918729756779787,17.918729756779786,0.18865716094490959,3.0,0.7837459513559574,21.081270243220214,1.5406351216101064,0.13162540486440427,74.81270243220213,0.6922255314787713,5.081270243220213,19.62190536483032,17.459364878389895,49.45936487838989,47.09495402211489,22.0,1
322,32.0,16.0,23.0,0.09,7.0,1.0,59.0,9.0,0.77,349.0,0.14,12.0,74.0,26.0,138.0,39.8,75.0,1
323,4.0,4.0,0.0,0.14,3.0,1.0,17.0,2.0,0.03,25.0,0.33,4.0,9.0,5.0,26.0,19.05,21.0,0
324,11.0,14.0,5.0,0.15,2.0,0.33,27.0,1.0,0.54,279.0,0.17,10.0,37.0,20.0,58.0,41.3,41.0,0
325,15.033634086375454,3.1136025249167005,15.352018936875252,0.1721599368770825,3.8863974750832995,0.7019357096345794,28.55680126245835,0.44319873754164985,0.1967040378737505,105.23841641195855,0.4792152046512394,8.44319873754165,28.124813887041853,21.1136025249167,63.05605681062576,37.09858897341914,31.67040378737505,1
326,71.42295102401857,10.255963828414433,57.74403617158556,0.09488072343171133,11.255963828414433,0.9162798191420722,120.30689676664022,1.7440361715855663,1.4393487868084744,613.1560211255877,0.1506834363006288,21.7678914852433,101.91102336718971,26.976144686342266,260.7298477906588,37.09715710474339,130.56286059505464,1
327,12.869636654407227,6.0,13.981125599714906,0.1454888625459729,2.45111374540271,0.2886447869023523,61.14407978170587,3.725556872701355,0.42497421017914,216.02227490805421,0.4105146523668329,17.032590836398192,35.19038705421716,22.209261454502258,94.994842035828,22.376102097994778,67.14407978170587,1
328,15.313949836205843,9.795594788566575,54.52540423616338,0.11948898697141644,4.948898697141644,0.6751835504763927,61.13127785140795,4.8977973942832875,0.3644522768761379,182.43054364950237,0.33,15.043759283802649,44.291923779038726,18.051101302858356,141.76622671234375,46.06039073995297,70.92687263997453,1
329,12.0,23.0,65.0,0.13,10.0,0.5,130.0,1.0,1.43,607.0,0.45,30.0,95.0,38.0,231.0,40.37,153.0,1
330,55.0,0.0,23.0,0.19,4.0,1.0,21.0,0.0,0.13,77.0,0.25,6.0,22.0,12.0,100.0,52.27,21.0,0
331,10.321616102834998,2.8391919485825015,12.768888565592485,0.12321616102834997,2.678383897165003,0.8922586055502759,21.517575845747505,2.0,0.15,81.64323220566999,0.33,4.0,23.517575845747505,18.356767794330004,48.44727246275749,41.610872229984075,24.356767794330004,1
332,13.357554186999884,4.880264412216229,5.9595372786216,0.09279933896945942,4.440132206108114,1.0,43.1213881641352,6.0404627213784,0.3736085933970274,193.3641644924056,0.2363914066029726,6.880264412216229,40.0809254427568,15.679603381675657,68.31874404197292,21.081824318922116,48.00165257635143,1
333,20.0,4.0,16.0,0.19,5.0,0.83,27.0,4.0,0.27,140.0,0.5,9.0,31.0,22.0,68.0,42.55,31.0,0
334,18.0,7.0,6.0,0.11,3.0,0.75,29.0,3.0,0.3,151.0,0.25,2.0,40.0,26.0,61.0,30.95,36.0,0
335,27.0,1.0,19.0,0.09,2.0,1.0,22.0,1.0,0.19,114.0,0.5,2.0,21.0,12.0,70.0,47.62,23.0,1
336,26.819569242922835,6.0,11.279872368273432,0.14680031907931643,4.959904276205075,0.6939856414307611,48.76022335552149,1.0200478618974629,0.5017963305878611,241.1186917748027,0.2624057434276955,14.040095723794925,51.739377795332985,23.639936184136715,93.85966496671776,26.452374889542266,54.76022335552149,1
337,31.0,12.0,25.0,0.16,6.0,0.6,52.0,2.0,0.76,350.0,0.3,17.0,54.0,37.0,121.0,41.57,64.0,0
338,29.635563486969005,3.927112697393801,62.0,0.25763116266529856,18.98177817434845,0.7920044008216705,90.09330953909299,2.945334523045351,0.8849418970342707,407.4665476954649,0.3739867975349886,8.437323815637193,56.16619684169918,33.9635563486969,186.65598572345579,42.33947190139954,94.02042223648678,1
339,39.14299403765422,13.256361114688229,70.56779364874959,0.15087922618281094,10.0,0.5417584523656219,113.99259325984494,1.0,1.2142479961109536,543.6663472454735,0.4847987103046849,30.695974206093698,67.16103175625207,37.304025793906305,237.95974206093697,42.47184210240297,127.24895437453317,1
340,13.138503731633454,1.7756234451527275,16.67312966454182,0.12379501243877819,2.4653740670916364,0.5775623445152727,33.79224440254982,2.085872823213818,0.30016620957397094,151.8587282321382,0.24224376554847274,6.310249378061091,33.861496268366544,24.98337904260291,66.37950124387781,35.76537317528975,35.567867847702544,1
341,9.838371285905387,2.515113857716159,10.353485143621544,0.12161628714094613,2.838371285905386,1.0,20.868599001337703,1.6767425718107725,0.14676742571810772,79.8685990013377,0.35747688139608436,3.6767425718107725,23.030227715432318,19.0,44.575569288580795,37.74728499135108,23.383712859053862,1
342,9.980665708589935,6.019334291410066,41.780055630245684,0.13,3.544410551203097,0.5,49.532926614437166,3.3166158268046457,0.33019334291410063,164.16615826804644,0.2808882110240619,11.791539567011615,39.722052756015486,23.138973621992257,108.31298224468284,44.849376459135286,55.552260905847234,1
343,33.0,18.0,28.0,0.1,4.0,0.67,44.0,2.0,0.83,380.0,0.17,10.0,62.0,32.0,124.0,51.11,62.0,0
344,0.0,0.0,0.0,0.14,3.0,1.0,21.0,1.0,0.13,72.0,0.33,4.0,21.0,17.0,22.0,0.0,21.0,0
345,51.0,9.0,73.0,0.16,10.0,0.56,107.0,1.0,1.12,516.0,0.5,31.0,55.0,37.0,241.0,43.39,116.0,1
346,6.28024468035746,1.570061170089365,15.990428190625554,0.15719755319642542,2.14012234017873,0.7850305850446825,15.70061170089365,1.0,0.0842036702053619,50.24195744285968,0.40308960108480796,3.14012234017873,15.850305850446825,15.850305850446825,40.541345741966026,53.498675798526364,17.270672870983013,1
347,6.0,4.0,0.0,0.12,3.0,1.0,22.0,0.0,0.11,69.0,0.33,4.0,16.0,15.0,33.0,15.38,26.0,0
348,13.760875173801569,4.045369595443751,26.294902370384385,0.08045369595443752,5.045369595443751,0.9386389121366875,59.272217572662505,3.556711994304689,0.5915879358405314,282.0784623419078,0.22773152022781246,9.113423988609378,55.20416317949688,24.534027196582812,104.37336471229222,31.655599023369692,63.31758716810626,1
349,39.0,6.0,51.0,0.2,9.0,0.47,88.0,1.0,1.11,496.0,0.47,33.0,70.0,34.0,185.0,39.31,94.0,0
350,14.0,1.0,9.0,0.15,3.0,1.0,19.0,1.0,0.12,72.0,0.33,4.0,18.0,14.0,44.0,34.48,20.0,0
351,9.347751369863191,3.5543540525114006,22.902105422374593,0.15880478367579803,14.217416210045602,0.8498918647260261,104.36937842465798,1.1087081050228014,1.336522486301368,566.9351188356156,0.30532726997716614,29.771770262557002,112.8912918949772,22.891291894977197,141.17358926940716,20.116186623858468,107.92373247716938,1
352,8.086987696743714,0.2028916229458415,10.594216754108317,0.11913012303256287,2.304337434418762,0.6862313298356674,28.0,1.0,0.18898554188527078,103.39132513116247,0.3807229057364604,4.507229057364603,21.10144581147292,20.0,47.88409607379787,27.81537579337034,28.20289162294584,1
353,77.0,25.0,15.0,0.17,11.0,0.65,75.0,3.0,1.06,465.0,0.53,31.0,83.0,31.0,201.0,34.78,100.0,0
354,19.0,3.0,15.0,0.15,4.0,0.8,31.0,3.0,0.2,110.0,0.8,7.0,22.0,23.0,69.0,36.73,34.0,0
355,6.0,0.0,8.0,0.18,3.0,0.5,34.0,2.0,0.25,135.0,0.17,10.0,29.0,17.0,49.0,19.05,34.0,0
356,13.710717520319815,8.048138052312964,9.481834688932038,0.14566303363380925,2.2288828313877778,0.28433242470816666,58.204813805231296,4.228882831387778,0.43602179819714443,220.17983644747,0.42626703011673334,16.77111716861222,35.83106265110222,22.024069026156482,91.8792007034152,21.781080826541174,66.25295185754426,1
357,14.0,4.0,21.0,0.12,3.0,0.75,29.0,2.0,0.26,133.0,0.75,5.0,31.0,24.0,95.0,46.3,33.0,0
358,3.0,2.0,13.0,0.11,4.0,1.0,36.0,0.0,0.28,156.0,0.25,2.0,27.0,17.0,55.0,29.41,38.0,0
359,3.0,0.0,0.0,0.25,2.0,0.33,24.0,1.0,0.12,72.0,1.0,8.0,12.0,16.0,28.0,0.0,24.0,0
360,12.0,2.0,12.0,0.13,5.0,1.0,38.0,1.0,0.35,176.0,0.2,8.0,40.0,22.0,73.0,26.92,40.0,0
361,6.405725362413602,2.4744981749936,10.558736312452002,0.18813754562516,4.525501825006399,0.775432709875736,28.2372490874968,0.7627509125031999,0.187117472624904,101.0842381374584,0.680533074877016,8.7627509125032,24.6097399624648,20.4744981749936,48.676208937356,29.764866558051562,30.7117472624904,1
362,10.0,3.0,11.0,0.12,3.0,1.0,22.0,2.0,0.15,81.0,0.33,4.0,24.0,19.0,47.0,38.89,25.0,1
363,111.49581661700618,25.93477597232574,235.0637786878403,0.1723001445339834,31.774891599512454,0.6461010117378838,278.7734462596785,3.3099566398049816,3.5119913279609962,1301.3526657761681,0.5084011562718671,83.32958085144816,222.3639232218237,50.46002890679668,543.3148626927158,48.3738008672039,304.70822223200423,1
364,0.0,2.0,20.0,0.21,2.0,0.33,27.0,0.0,0.17,92.0,0.17,7.0,29.0,20.0,49.0,44.9,29.0,0
365,14.0,3.0,12.0,0.17,4.0,1.0,20.0,0.0,0.18,97.0,0.25,6.0,26.0,17.0,50.0,42.86,23.0,0
366,16.0,5.0,8.0,0.19,10.0,0.77,62.0,3.0,0.53,265.0,0.69,23.0,46.0,19.0,92.0,17.33,67.0,0
367,4.0,2.0,6.0,0.25,2.0,1.0,6.0,0.0,0.04,27.0,0.5,2.0,7.0,11.0,19.0,57.14,8.0,0
368,22.0,3.0,1.0,0.19,9.0,0.69,64.0,2.0,0.57,283.0,0.69,18.0,36.0,30.0,91.0,5.88,67.0,0
369,15.0,9.0,22.0,0.13,6.0,1.0,36.0,3.0,0.34,182.0,0.17,10.0,27.0,19.0,83.0,46.27,45.0,0
370,15.0,5.0,19.0,0.18,4.0,0.67,28.0,2.0,0.24,128.0,0.17,10.0,25.0,21.0,75.0,46.15,33.0,0
371,7.0,4.0,8.0,0.17,2.0,0.67,14.0,1.0,0.09,56.0,0.33,4.0,13.0,14.0,34.0,46.15,18.0,0
372,12.0,1.0,16.0,0.13,6.0,1.0,44.0,3.0,0.3,152.0,0.17,10.0,33.0,24.0,74.0,27.87,45.0,0
373,9.948318278831392,2.844954836494177,10.793273115325569,0.12051681721168607,2.948318278831392,1.0,21.638227951819747,1.8966365576627846,0.14896636557662785,80.63822795181974,0.3387858925986633,3.8966365576627844,23.689909672988353,19.0,46.22477418247088,38.524610231337945,24.483182788313922,1
374,26.53433648817481,13.623624560076003,18.960161752129206,0.10663462807946797,5.574174736045602,0.7861262104068403,58.7623624560076,7.574174736045602,0.6701922315231922,310.50271787323123,0.2255495158372639,13.425825263954398,62.59339788836482,24.811812280038,124.21702244844082,34.415133253132225,72.3859870160836,1
375,0.7506147516408583,0.49877049671828333,10.753073758204291,0.12493852483591417,3.4987704967182833,0.7699508198687314,37.757991771331156,0.24938524835914166,0.2325430326148601,121.2690573008666,0.7699508198687314,6.748155745077425,32.508606522972016,19.249385248359143,60.51844254922575,23.058967217243357,38.25676226804944,1
376,10.0,1.0,16.0,0.18,5.0,0.71,39.0,5.0,0.36,185.0,0.14,12.0,26.0,29.0,67.0,30.36,40.0,0
377,2.0,14.0,78.0,0.13,6.0,0.5,79.0,7.0,0.41,201.0,0.33,21.0,52.0,17.0,174.0,53.8,93.0,1
378,0.0,1.0,23.0,0.17,4.0,1.0,23.0,0.0,0.13,75.0,0.25,5.0,21.0,18.0,48.0,51.06,24.0,0
379,6.686204650187706,6.97069302471844,50.468547680147225,0.15343102325093855,6.585775581273463,0.7225947208839161,58.49785465542878,3.48534651235922,0.3572801976853883,176.39742558651454,0.42958184881648875,16.313795349812295,50.24267325617961,18.75732674382039,123.62330001048215,47.39161514086831,65.46854768014722,1
380,8.873246282922713,0.02535074341545751,10.89859702633817,0.11126753717077288,2.0253507434154576,0.6720280594732366,27.89859702633817,1.0,0.1902535074341546,104.07605223024638,0.3406473122344922,4.025350743415458,21.050701486830913,20.050701486830913,48.69579107901451,28.12862411363638,27.923947769753628,1
381,14.0,0.0,39.0,0.06,1.0,0.33,47.0,2.0,0.31,150.0,0.33,4.0,55.0,21.0,121.0,45.35,47.0,0
382,9.708959816714023,2.436560274928965,32.70986107680512,0.16854479908357012,6.963619977089253,0.8661755912939161,45.273300801876154,1.2182801374644825,0.3232742020619672,160.52796096225137,0.493815396105173,13.291040183285977,49.109140068732245,19.89085993126776,91.12868197032425,43.25799745064357,47.70986107680512,1
383,5.0,4.0,12.0,0.14,2.0,1.0,10.0,3.0,0.03,26.0,0.5,2.0,6.0,10.0,32.0,61.54,14.0,0
384,14.0,5.0,1.0,0.15,5.0,1.0,28.0,2.0,0.13,83.0,0.8,8.0,13.0,16.0,49.0,17.65,33.0,0
385,20.898217724284383,5.877579747142709,24.258599157142363,0.15870700421428818,11.618980590000344,0.8461898059000035,80.36038143285798,1.3741400842857636,0.995708253100031,442.671199975726,0.7717745485856842,22.612101264286455,75.7001248885743,28.258599157142363,132.39477806142744,27.380869334627945,86.2379611800007,1
386,3.0,0.0,0.0,0.13,1.0,0.5,15.0,2.0,0.06,42.0,0.5,2.0,8.0,11.0,19.0,0.0,15.0,0
387,22.0,12.0,33.0,0.19,20.0,0.63,160.0,3.0,1.15,488.0,0.22,39.0,104.0,29.0,228.0,21.95,172.0,0
388,9.0,4.0,0.0,0.19,4.0,1.0,17.0,2.0,0.09,58.0,1.0,6.0,15.0,13.0,31.0,19.05,21.0,0
389,2.0,2.0,0.0,0.14,2.0,1.0,12.0,2.0,0.02,15.0,0.5,2.0,6.0,5.0,17.0,14.29,14.0,0
390,24.379049021182627,6.0,37.71928860618917,0.10232856617056516,6.767143382943486,0.8497286397826531,70.49547732971088,5.883571691471743,0.6479690747854134,302.3428676588697,0.14435949138515175,14.155237744704344,62.52524142530874,25.80595281911957,139.59381495708269,37.94977570678774,76.49547732971088,1
391,20.95950961678206,1.2383803846712824,17.09295692262974,0.12284858845986153,2.2383803846712826,0.6191901923356412,30.284858845986154,1.0,0.28,142.66866269269897,0.2690704307737026,5.523239230657435,31.523239230657435,25.331337307301023,70.57570577006923,37.42976331111867,31.523239230657435,1
392,1.0,0.0,6.0,0.05,2.0,1.0,42.0,0.0,0.44,210.0,0.5,2.0,59.0,18.0,50.0,12.5,42.0,0
393,19.0,5.0,10.0,0.15,4.0,1.0,22.0,1.0,0.13,75.0,1.0,6.0,19.0,15.0,57.0,40.54,27.0,0
394,28.012169557403112,14.139012460121451,21.670723185801037,0.08601216955740311,6.468289274320415,1.0,57.40486782296124,7.93657854864083,0.736768079645026,336.63772562794964,0.16525625946978031,10.93657854864083,70.2780249202429,25.601216955740313,128.29627925634756,37.72499889303542,71.5438802830827,1
395,83.4111426840189,33.63942103358774,277.0665211185912,0.16732940578478211,35.50294566141342,0.6113058404934748,332.20888781359236,4.801178264565368,3.8102356529130734,1381.630096575769,0.4686352462782568,97.74472322413189,259.3959269033733,49.46588115695642,548.037064504457,48.34397643470869,365.8483088471801,1
396,51.45706161680414,15.56613743634664,78.94668244748708,0.1322507108529638,4.0,0.47285308084020683,91.34106635105026,0.6589336489497415,1.5330850713717146,654.6308531667656,0.3817867297899483,25.109075819542504,102.10663510502584,26.635734595798965,240.69841230903992,49.39261681803046,106.9072037873969,1
397,22.0,8.0,35.0,0.28,1.0,0.07,46.0,0.0,0.45,239.0,0.2,22.0,37.0,15.0,112.0,48.31,54.0,0
398,8.14113749480086,2.0705687474004297,18.435450020796562,0.1385886250519914,3.0,1.0,20.14113749480086,1.0705687474004297,0.11282274989601719,65.19966870580731,0.33,4.0,18.42341248440258,18.07056874740043,49.78829375779871,50.3498873445527,22.211706242201288,1
